{"schemaVersion":"1.0","appDefinitionTemplate":{"id":"/providers/Microsoft.PowerApps/apps/","type":"Microsoft.PowerApps/apps","tags":{"primaryDeviceWidth":"1366","primaryDeviceHeight":"768","sienaVersion":"20200702T122452Z-3.20064.22.0","deviceCapabilities":"webcam","supportsPortrait":"false","supportsLandscape":"true","primaryFormFactor":"Tablet","publisherVersion":"3.20064.22","minimumRequiredApiVersion":"2.2.0","hasComponent":"false","hasUnlockedComponent":"false","isUnifiedRootApp":"false"},"properties":{"appVersion":"2020-07-02T12:24:52Z","lifeCycleId":"Published","createdByClientVersion":{"major":3,"minor":20064,"build":22,"revision":0,"majorRevision":0,"minorRevision":0},"minClientVersion":{"major":3,"minor":20064,"build":22,"revision":0,"majorRevision":0,"minorRevision":0},"backgroundColor":"rgba(0, 138, 0, 1)","backgroundImageUri":"/15773420081341874424/N61f44cc9-3b06-4a54-abd7-12edef595787-logoSmallFile","displayName":"sampleMeasureInMRForLearning","description":"","commitMessage":"","appUris":{"documentUri":{"value":"/15773420081341874424/N043409ad-1fe3-41a1-8180-e8de9029a6c7-document.msapp","readonlyValue":"/15773420081341874424/N043409ad-1fe3-41a1-8180-e8de9029a6c7-document.msapp"},"imageUris":[]},"createdTime":"0001-01-01T00:00:00Z","lastModifiedTime":"0001-01-01T00:00:00Z","sharedGroupsCount":0,"sharedUsersCount":0,"icons":{"smallIconUri":"/15773420081341874424/Ne85feeb3-9b14-4096-8c7d-fa65bcb09630-small.png","mediumIconUri":"/15773420081341874424/N80f8b124-d52a-497f-a347-41bb687cb51a-medium.png","largeIconUri":"/15773420081341874424/N5bbee9ef-6927-4ba7-8038-ff602bd5d20a-large.png","wideIconUri":"/15773420081341874424/N938b82b2-038d-4491-85ee-6a7e656a119e-wide.png"},"connectionReferences":{},"databaseReferences":{},"almMode":"Environment","performanceOptimizationEnabled":true,"canConsumeAppPass":true},"isAppComponentLibrary":false,"appType":"ClassicCanvasApp","appComponents":[]}}